Title,Price,Supplier
[新版]惠氏Illuma 啟賦 1段 0-6個月 850g(new packing) 4階段,HK$285.00,泰好批—網絡批發直銷
惠氏Illuma 啟賦 4段 3歲以上 850g.,HK$305.00,泰好批 - 網路批發直銷
Illuma Luxa Hmo 1號初生嬰兒配方奶粉 (6種hmo) 850克買滿$399免運費,HK$432.00,Watsons Hong Kong
原装行貨-惠氏港版ILLUMA LUXA 3號 兒童成長配方奶粉 850g (6罐裝),"HK$1,770.00",Parpee Shop 爬比店
ILLUMA HMO初生嬰兒配方奶粉1,HK$538.00,aeoncity.com.hk
惠氏Illuma 啟賦 2段 6-12個月 850g.,HK$335.00,泰好批 - 網路批發直銷
Illuma-(2021 新包裝) 惠氏 illuma LUXA 啟賦 850g #2號 x 1罐 [香港行貨] (2021 新包 ...,HK$370.00,HKTVmall  - HKTVmall
ILLUMA 有機 嬰兒配方奶粉 900克(0-6個月) 1階段,HK$465.00,泰好批—網絡批發直銷
Illuma 有機幼兒成長配方奶粉 850克買滿$399免運費,HK$439.00,PARKnSHOP.com
Illuma 配方奶粉 - 1號,HK$425.00,Mamy Kingdom
原装行貨-惠氏港版ILLUMA LUXA STAGE 2號 嬰兒配方奶粉 850g (6罐裝),"HK$2,010.00",Parpee Shop 爬比店
Illuma Luxa Hmo 2號較大嬰兒配方奶粉 (6種hmo) 850克買滿$399免運費,HK$399.00,Watsons Hong Kong
原装行貨-惠氏港版ILLUMA 4號 兒童成長配方奶粉 850g (6罐裝),"HK$1,770.00",Parpee Shop 爬比店
ILLUMA 有機 較大嬰兒配方奶粉 900克(6個月至1歲).,HK$458.00,泰好批 - 網路批發直銷
Illuma Illuma有機幼兒成長配方奶粉 900克,HK$449.00,Ztore
ILLUMA 有機較大嬰兒配方奶粉,HK$559.00,aeoncity.com.hk
Illuma-香港行貨 惠氏 Illuma luxa 啟賦#1 850g 香港行貨 惠氏 Illuma啟賦#1 850g,HK$410.00,HKTVmall  - HKTVmall
Illuma 有機 較大嬰兒配方奶粉 850克買滿$399免運費,HK$489.00,PARKnSHOP.com
原装行貨-惠氏港版ILLUMA LUXA 1號 兒童成長配方奶粉 850g (6罐裝),"HK$2,220.00",Parpee Shop 爬比店
ILLUMA HMO學兒成長配方奶粉4,HK$405.00,aeoncity.com.hk
Illuma 未來版啟賦HMO嬰幼兒配方奶粉 2段 850g 淺藍,HK$315.00,天貓香港 Tmall HK
Illuma 低敏 800克買滿$399免運費,HK$518.00,Watsons Hong Kong
ILLUMA 有機初生嬰兒配方奶粉,HK$589.00,aeoncity.com.hk
【香港行貨 】Illuma 1號 有機初生嬰兒配方奶粉 850 g,HK$499.90,Halook 家居個人護理店
ILLUMA 有機配方奶粉1號-初生嬰兒 850G,HK$498.00,LBuy.hk
Illuma 配方奶粉 - 2號,HK$385.00,Mamy Kingdom
愛爾蘭 Illuma 未來版啟賦HMO嬰幼兒配方奶粉 4段 850g 淺藍,HK$315.00,天貓香港 Tmall HK
惠氏 Wyeth - Illuma 有機初生嬰兒配方奶粉850克,HK$525.00,HOME+
Illuma-(最新包裝) Illuma啟賦#4 LUXA 850g [香港行貨] Illuma啟賦#4 850g [香港行貨],HK$340.00,HKTVmall  - HKTVmall
惠氏 ILLUMA LUXA 1號 初生嬰兒配方奶粉 850g (新包裝),HK$432.00,bnybuy.com 生活百貨
Illuma Luxa 2號較大嬰兒配方奶粉350克,HK$129.00,Watsons Hong Kong
Illuma Luxa Hmo 3號幼兒成長配方奶粉(6種hmo) 850克買滿$399免運費,HK$357.00,PARKnSHOP.com
Illuma 配方奶粉 - 4號,HK$340.00,Mamy Kingdom
ILLUMA ILLUMA Stage 3 幼兒成長配方奶粉 (900克),HK$410.00,Ztore
Illuma-惠氏 - (全新裝)ILLUMA HMO #2 號 850g (較大嬰兒配方奶粉)(香港正貨) 惠氏 ...,HK$385.00,HKTVmall  - HKTVmall
Illuma Illuma Atwo A2 Β-酪蛋白1號初生嬰兒配方奶粉 850克買滿$399免運費,HK$538.00,Watsons Hong Kong
Illuma 配方奶粉 - 3號,HK$345.00,Mamy Kingdom
ILLUMA 有機幼兒成長配方奶粉,HK$499.00,aeoncity.com.hk
【香港行貨 】Illuma 2號 有機較大嬰兒配方奶粉 850 g,HK$459.90,Halook 家居個人護理店
惠氏-香港行貨惠氏 Illuma luxa 啟賦#1 850g x 2 香港行貨惠氏 Illuma啟賦#1 850g x 2,HK$800.00,HKTVmall  - HKTVmall
ILLUMA ATWO A2 β-酪蛋白1號初生嬰兒配方奶粉 850克,HK$538.00,天貓香港 Tmall HK
惠氏 Illuma - Illuma Luxa 4號 兒童成長配方奶粉 850G,HK$355.00,Ztore
惠氏 ILLUMA 3號 幼兒成長配方奶粉 850g,HK$365.00,bnybuy.com 生活百貨
ILLUMA HMO較大嬰兒配方奶粉2,HK$518.00,aeoncity.com.hk
【香港行貨 】Illuma 3號 有機幼兒成長配方奶粉 850 g,HK$429.90,Halook 家居個人護理店
Illuma Illuma Atwo A2 Β-酪蛋白2號較大嬰兒配方奶粉 850克,HK$476.00,PARKnSHOP.com
Illuma - LUXA HMO 2號/3號/4號 x 6罐,"HK$2,430.00",天貓香港 Tmall HK
惠氏 ILLUMA 2號 較大嬰兒配方奶粉 850g,HK$395.00,bnybuy.com 生活百貨
Illuma-低敏嬰兒配方奶粉低敏嬰兒配方奶粉,HK$518.00,HKTVmall  - HKTVmall
Illuma-惠氏 ILLUMA 親和人體 (HA低敏配方) (0-12個月) 800克 (到期日:2022年4月後 ...,HK$488.00,HKTVmall  - HKTVmall
Wyeth 惠氏 - Illuma啟賦 2號 較大嬰兒配方奶粉 850g - Lifestyle | nursing-feeding ...,HK$395.00,zalora.com.hk
Illuma-啟賦 LUXA 初生嬰兒配方奶粉 1 階段 850g [新裝] 啟賦 LUXA 初生嬰兒配方奶粉 1 階段 850g [新裝],HK$459.00,HKTVmall  - HKTVmall
"Illuma-ILLUMA Organic 3號幼兒成長有機配方奶粉 850克""ILLUMA親和人體有機配方 啟迪原美天賦",HK$499.00,HKTVmall  - HKTVmall
ILLUMA - ILLUMA有機3號幼兒成長配方奶粉850克 (850G),HK$499.00,天貓香港 Tmall HK
"Illuma-LUXA HMO 2號較大嬰兒配方奶粉 850克 (6種HMO) (新/舊包裝隨機發貨)ILLUMA以嶄新科技還原大自然的親和力量,支持寶寶綻放無窮天賦。",HK$399.00,HKTVmall  - HKTVmall
Illuma-惠氏 ILLUMA LUXA 1號 初生嬰兒配方奶粉 850克 x 2罐 * 新包裝 ...,HK$828.00,HKTVmall  - HKTVmall
Illuma-LUXA 2號 較大嬰兒配方奶粉LUXA 2號 較大嬰兒配方奶粉,HK$215.00,HKTVmall  - HKTVmall
愛爾蘭 Illuma 未來版啟賦HMO嬰幼兒配方奶粉 1段 850g 淺藍,HK$462.00,天貓香港 Tmall HK
ILLUMA HMO幼兒成長配方奶粉3,HK$465.00,aeoncity.com.hk
Illuma-親和人體A2 β-酪蛋白配方 初生嬰兒配方奶粉 (新款:850g/舊款:900g) (款式隨機發 ...,HK$538.00,HKTVmall  - HKTVmall
ILLUMA ATWO A2 β-酪蛋白3號幼兒成長配方奶粉 850克,HK$465.00,天貓香港 Tmall HK
Illuma Illuma Atwo A2 Β-酪蛋白3號幼兒成長配方奶粉 850克,HK$427.00,PARKnSHOP.com
"Illuma-ILLUMA Organic 2號較大嬰兒有機配方奶粉 850克""ILLUMA親和人體有機配方 啟迪原美天賦",HK$559.00,HKTVmall  - HKTVmall
[新版]惠氏Illuma 啟賦 1段 0-6個月 850g(new packing) 4階段,HK$285.00,泰好批—網絡批發直銷
惠氏Illuma 啟賦 4段 3歲以上 850g.,HK$305.00,泰好批 - 網路批發直銷
Illuma Luxa Hmo 1號初生嬰兒配方奶粉 (6種hmo) 850克買滿$399免運費,HK$432.00,Watsons Hong Kong
原装行貨-惠氏港版ILLUMA LUXA 3號 兒童成長配方奶粉 850g (6罐裝),"HK$1,770.00",Parpee Shop 爬比店
ILLUMA HMO初生嬰兒配方奶粉1,HK$538.00,aeoncity.com.hk
惠氏Illuma 啟賦 2段 6-12個月 850g.,HK$335.00,泰好批 - 網路批發直銷
Illuma-(2021 新包裝) 惠氏 illuma LUXA 啟賦 850g #2號 x 1罐 [香港行貨] (2021 新包 ...,HK$370.00,HKTVmall  - HKTVmall
ILLUMA 有機 嬰兒配方奶粉 900克(0-6個月) 1階段,HK$465.00,泰好批—網絡批發直銷
Illuma 有機幼兒成長配方奶粉 850克買滿$399免運費,HK$439.00,PARKnSHOP.com
Illuma 配方奶粉 - 1號,HK$425.00,Mamy Kingdom
原装行貨-惠氏港版ILLUMA LUXA STAGE 2號 嬰兒配方奶粉 850g (6罐裝),"HK$2,010.00",Parpee Shop 爬比店
Illuma Luxa Hmo 2號較大嬰兒配方奶粉 (6種hmo) 850克買滿$399免運費,HK$399.00,Watsons Hong Kong
原装行貨-惠氏港版ILLUMA 4號 兒童成長配方奶粉 850g (6罐裝),"HK$1,770.00",Parpee Shop 爬比店
ILLUMA 有機 較大嬰兒配方奶粉 900克(6個月至1歲).,HK$458.00,泰好批 - 網路批發直銷
Illuma Illuma有機幼兒成長配方奶粉 900克,HK$449.00,Ztore
ILLUMA 有機較大嬰兒配方奶粉,HK$559.00,aeoncity.com.hk
Illuma-香港行貨 惠氏 Illuma luxa 啟賦#1 850g 香港行貨 惠氏 Illuma啟賦#1 850g,HK$410.00,HKTVmall  - HKTVmall
Illuma 有機 較大嬰兒配方奶粉 850克買滿$399免運費,HK$489.00,PARKnSHOP.com
原装行貨-惠氏港版ILLUMA LUXA 1號 兒童成長配方奶粉 850g (6罐裝),"HK$2,220.00",Parpee Shop 爬比店
ILLUMA HMO學兒成長配方奶粉4,HK$405.00,aeoncity.com.hk
Illuma 未來版啟賦HMO嬰幼兒配方奶粉 2段 850g 淺藍,HK$315.00,天貓香港 Tmall HK
Illuma 低敏 800克買滿$399免運費,HK$518.00,Watsons Hong Kong
ILLUMA 有機初生嬰兒配方奶粉,HK$589.00,aeoncity.com.hk
【香港行貨 】Illuma 1號 有機初生嬰兒配方奶粉 850 g,HK$499.90,Halook 家居個人護理店
ILLUMA 有機配方奶粉1號-初生嬰兒 850G,HK$498.00,LBuy.hk
Illuma 配方奶粉 - 2號,HK$385.00,Mamy Kingdom
愛爾蘭 Illuma 未來版啟賦HMO嬰幼兒配方奶粉 4段 850g 淺藍,HK$315.00,天貓香港 Tmall HK
惠氏 Wyeth - Illuma 有機初生嬰兒配方奶粉850克,HK$525.00,HOME+
Illuma-(最新包裝) Illuma啟賦#4 LUXA 850g [香港行貨] Illuma啟賦#4 850g [香港行貨],HK$340.00,HKTVmall  - HKTVmall
惠氏 ILLUMA LUXA 1號 初生嬰兒配方奶粉 850g (新包裝),HK$432.00,bnybuy.com 生活百貨
Illuma Luxa 2號較大嬰兒配方奶粉350克,HK$129.00,Watsons Hong Kong
Illuma Luxa Hmo 3號幼兒成長配方奶粉(6種hmo) 850克買滿$399免運費,HK$357.00,PARKnSHOP.com
Illuma 配方奶粉 - 4號,HK$340.00,Mamy Kingdom
ILLUMA ILLUMA Stage 3 幼兒成長配方奶粉 (900克),HK$410.00,Ztore
Illuma-惠氏 - (全新裝)ILLUMA HMO #2 號 850g (較大嬰兒配方奶粉)(香港正貨) 惠氏 ...,HK$385.00,HKTVmall  - HKTVmall
Illuma Illuma Atwo A2 Β-酪蛋白1號初生嬰兒配方奶粉 850克買滿$399免運費,HK$538.00,Watsons Hong Kong
Illuma 配方奶粉 - 3號,HK$345.00,Mamy Kingdom
ILLUMA 有機幼兒成長配方奶粉,HK$499.00,aeoncity.com.hk
【香港行貨 】Illuma 2號 有機較大嬰兒配方奶粉 850 g,HK$459.90,Halook 家居個人護理店
惠氏-香港行貨惠氏 Illuma luxa 啟賦#1 850g x 2 香港行貨惠氏 Illuma啟賦#1 850g x 2,HK$800.00,HKTVmall  - HKTVmall
ILLUMA ATWO A2 β-酪蛋白1號初生嬰兒配方奶粉 850克,HK$538.00,天貓香港 Tmall HK
惠氏 Illuma - Illuma Luxa 4號 兒童成長配方奶粉 850G,HK$355.00,Ztore
惠氏 ILLUMA 3號 幼兒成長配方奶粉 850g,HK$365.00,bnybuy.com 生活百貨
ILLUMA HMO較大嬰兒配方奶粉2,HK$518.00,aeoncity.com.hk
【香港行貨 】Illuma 3號 有機幼兒成長配方奶粉 850 g,HK$429.90,Halook 家居個人護理店
Illuma Illuma Atwo A2 Β-酪蛋白2號較大嬰兒配方奶粉 850克,HK$476.00,PARKnSHOP.com
Illuma - LUXA HMO 2號/3號/4號 x 6罐,"HK$2,430.00",天貓香港 Tmall HK
惠氏 ILLUMA 2號 較大嬰兒配方奶粉 850g,HK$395.00,bnybuy.com 生活百貨
Illuma-低敏嬰兒配方奶粉低敏嬰兒配方奶粉,HK$518.00,HKTVmall  - HKTVmall
Illuma-惠氏 ILLUMA 親和人體 (HA低敏配方) (0-12個月) 800克 (到期日:2022年4月後 ...,HK$488.00,HKTVmall  - HKTVmall
Wyeth 惠氏 - Illuma啟賦 2號 較大嬰兒配方奶粉 850g - Lifestyle | nursing-feeding ...,HK$395.00,zalora.com.hk
Illuma-啟賦 LUXA 初生嬰兒配方奶粉 1 階段 850g [新裝] 啟賦 LUXA 初生嬰兒配方奶粉 1 階段 850g [新裝],HK$459.00,HKTVmall  - HKTVmall
"Illuma-ILLUMA Organic 3號幼兒成長有機配方奶粉 850克""ILLUMA親和人體有機配方 啟迪原美天賦",HK$499.00,HKTVmall  - HKTVmall
ILLUMA - ILLUMA有機3號幼兒成長配方奶粉850克 (850G),HK$499.00,天貓香港 Tmall HK
"Illuma-LUXA HMO 2號較大嬰兒配方奶粉 850克 (6種HMO) (新/舊包裝隨機發貨)ILLUMA以嶄新科技還原大自然的親和力量,支持寶寶綻放無窮天賦。",HK$399.00,HKTVmall  - HKTVmall
Illuma-惠氏 ILLUMA LUXA 1號 初生嬰兒配方奶粉 850克 x 2罐 * 新包裝 ...,HK$828.00,HKTVmall  - HKTVmall
Illuma-LUXA 2號 較大嬰兒配方奶粉LUXA 2號 較大嬰兒配方奶粉,HK$215.00,HKTVmall  - HKTVmall
愛爾蘭 Illuma 未來版啟賦HMO嬰幼兒配方奶粉 1段 850g 淺藍,HK$462.00,天貓香港 Tmall HK
ILLUMA HMO幼兒成長配方奶粉3,HK$465.00,aeoncity.com.hk
Illuma-親和人體A2 β-酪蛋白配方 初生嬰兒配方奶粉 (新款:850g/舊款:900g) (款式隨機發 ...,HK$538.00,HKTVmall  - HKTVmall
ILLUMA ATWO A2 β-酪蛋白3號幼兒成長配方奶粉 850克,HK$465.00,天貓香港 Tmall HK
Illuma Illuma Atwo A2 Β-酪蛋白3號幼兒成長配方奶粉 850克,HK$427.00,PARKnSHOP.com
"Illuma-ILLUMA Organic 2號較大嬰兒有機配方奶粉 850克""ILLUMA親和人體有機配方 啟迪原美天賦",HK$559.00,HKTVmall  - HKTVmall
[新版]惠氏Illuma 啟賦 1段 0-6個月 850g(new packing) 4階段,HK$285.00,泰好批—網絡批發直銷
惠氏Illuma 啟賦 4段 3歲以上 850g.,HK$305.00,泰好批 - 網路批發直銷
Illuma Luxa Hmo 1號初生嬰兒配方奶粉 (6種hmo) 850克買滿$399免運費,HK$432.00,Watsons Hong Kong
原装行貨-惠氏港版ILLUMA LUXA 3號 兒童成長配方奶粉 850g (6罐裝),"HK$1,770.00",Parpee Shop 爬比店
ILLUMA HMO初生嬰兒配方奶粉1,HK$538.00,aeoncity.com.hk
惠氏Illuma 啟賦 2段 6-12個月 850g.,HK$335.00,泰好批 - 網路批發直銷
Illuma-(2021 新包裝) 惠氏 illuma LUXA 啟賦 850g #2號 x 1罐 [香港行貨] (2021 新包 ...,HK$370.00,HKTVmall  - HKTVmall
ILLUMA 有機 嬰兒配方奶粉 900克(0-6個月) 1階段,HK$465.00,泰好批—網絡批發直銷
Illuma 有機幼兒成長配方奶粉 850克買滿$399免運費,HK$439.00,PARKnSHOP.com
Illuma 配方奶粉 - 1號,HK$425.00,Mamy Kingdom
原装行貨-惠氏港版ILLUMA LUXA STAGE 2號 嬰兒配方奶粉 850g (6罐裝),"HK$2,010.00",Parpee Shop 爬比店
Illuma Luxa Hmo 2號較大嬰兒配方奶粉 (6種hmo) 850克買滿$399免運費,HK$399.00,Watsons Hong Kong
原装行貨-惠氏港版ILLUMA 4號 兒童成長配方奶粉 850g (6罐裝),"HK$1,770.00",Parpee Shop 爬比店
ILLUMA 有機 較大嬰兒配方奶粉 900克(6個月至1歲).,HK$458.00,泰好批 - 網路批發直銷
Illuma Illuma有機幼兒成長配方奶粉 900克,HK$449.00,Ztore
ILLUMA 有機較大嬰兒配方奶粉,HK$559.00,aeoncity.com.hk
Illuma-香港行貨 惠氏 Illuma luxa 啟賦#1 850g 香港行貨 惠氏 Illuma啟賦#1 850g,HK$410.00,HKTVmall  - HKTVmall
Illuma 有機 較大嬰兒配方奶粉 850克買滿$399免運費,HK$489.00,PARKnSHOP.com
原装行貨-惠氏港版ILLUMA LUXA 1號 兒童成長配方奶粉 850g (6罐裝),"HK$2,220.00",Parpee Shop 爬比店
ILLUMA HMO學兒成長配方奶粉4,HK$405.00,aeoncity.com.hk
Illuma 未來版啟賦HMO嬰幼兒配方奶粉 2段 850g 淺藍,HK$315.00,天貓香港 Tmall HK
Illuma 低敏 800克買滿$399免運費,HK$518.00,Watsons Hong Kong
ILLUMA 有機初生嬰兒配方奶粉,HK$589.00,aeoncity.com.hk
【香港行貨 】Illuma 1號 有機初生嬰兒配方奶粉 850 g,HK$499.90,Halook 家居個人護理店
ILLUMA 有機配方奶粉1號-初生嬰兒 850G,HK$498.00,LBuy.hk
Illuma 配方奶粉 - 2號,HK$385.00,Mamy Kingdom
愛爾蘭 Illuma 未來版啟賦HMO嬰幼兒配方奶粉 4段 850g 淺藍,HK$315.00,天貓香港 Tmall HK
惠氏 Wyeth - Illuma 有機初生嬰兒配方奶粉850克,HK$525.00,HOME+
Illuma-(最新包裝) Illuma啟賦#4 LUXA 850g [香港行貨] Illuma啟賦#4 850g [香港行貨],HK$340.00,HKTVmall  - HKTVmall
惠氏 ILLUMA LUXA 1號 初生嬰兒配方奶粉 850g (新包裝),HK$432.00,bnybuy.com 生活百貨
Illuma Luxa 2號較大嬰兒配方奶粉350克,HK$129.00,Watsons Hong Kong
Illuma Luxa Hmo 3號幼兒成長配方奶粉(6種hmo) 850克買滿$399免運費,HK$357.00,PARKnSHOP.com
Illuma 配方奶粉 - 4號,HK$340.00,Mamy Kingdom
ILLUMA ILLUMA Stage 3 幼兒成長配方奶粉 (900克),HK$410.00,Ztore
Illuma-惠氏 - (全新裝)ILLUMA HMO #2 號 850g (較大嬰兒配方奶粉)(香港正貨) 惠氏 ...,HK$385.00,HKTVmall  - HKTVmall
Illuma Illuma Atwo A2 Β-酪蛋白1號初生嬰兒配方奶粉 850克買滿$399免運費,HK$538.00,Watsons Hong Kong
Illuma 配方奶粉 - 3號,HK$345.00,Mamy Kingdom
ILLUMA 有機幼兒成長配方奶粉,HK$499.00,aeoncity.com.hk
【香港行貨 】Illuma 2號 有機較大嬰兒配方奶粉 850 g,HK$459.90,Halook 家居個人護理店
惠氏-香港行貨惠氏 Illuma luxa 啟賦#1 850g x 2 香港行貨惠氏 Illuma啟賦#1 850g x 2,HK$800.00,HKTVmall  - HKTVmall
ILLUMA ATWO A2 β-酪蛋白1號初生嬰兒配方奶粉 850克,HK$538.00,天貓香港 Tmall HK
惠氏 Illuma - Illuma Luxa 4號 兒童成長配方奶粉 850G,HK$355.00,Ztore
惠氏 ILLUMA 3號 幼兒成長配方奶粉 850g,HK$365.00,bnybuy.com 生活百貨
ILLUMA HMO較大嬰兒配方奶粉2,HK$518.00,aeoncity.com.hk
【香港行貨 】Illuma 3號 有機幼兒成長配方奶粉 850 g,HK$429.90,Halook 家居個人護理店
Illuma Illuma Atwo A2 Β-酪蛋白2號較大嬰兒配方奶粉 850克,HK$476.00,PARKnSHOP.com
Illuma - LUXA HMO 2號/3號/4號 x 6罐,"HK$2,430.00",天貓香港 Tmall HK
惠氏 ILLUMA 2號 較大嬰兒配方奶粉 850g,HK$395.00,bnybuy.com 生活百貨
Illuma-低敏嬰兒配方奶粉低敏嬰兒配方奶粉,HK$518.00,HKTVmall  - HKTVmall
Illuma-惠氏 ILLUMA 親和人體 (HA低敏配方) (0-12個月) 800克 (到期日:2022年4月後 ...,HK$488.00,HKTVmall  - HKTVmall
Wyeth 惠氏 - Illuma啟賦 2號 較大嬰兒配方奶粉 850g - Lifestyle | nursing-feeding ...,HK$395.00,zalora.com.hk
Illuma-啟賦 LUXA 初生嬰兒配方奶粉 1 階段 850g [新裝] 啟賦 LUXA 初生嬰兒配方奶粉 1 階段 850g [新裝],HK$459.00,HKTVmall  - HKTVmall
"Illuma-ILLUMA Organic 3號幼兒成長有機配方奶粉 850克""ILLUMA親和人體有機配方 啟迪原美天賦",HK$499.00,HKTVmall  - HKTVmall
ILLUMA - ILLUMA有機3號幼兒成長配方奶粉850克 (850G),HK$499.00,天貓香港 Tmall HK
"Illuma-LUXA HMO 2號較大嬰兒配方奶粉 850克 (6種HMO) (新/舊包裝隨機發貨)ILLUMA以嶄新科技還原大自然的親和力量,支持寶寶綻放無窮天賦。",HK$399.00,HKTVmall  - HKTVmall
Illuma-惠氏 ILLUMA LUXA 1號 初生嬰兒配方奶粉 850克 x 2罐 * 新包裝 ...,HK$828.00,HKTVmall  - HKTVmall
Illuma-LUXA 2號 較大嬰兒配方奶粉LUXA 2號 較大嬰兒配方奶粉,HK$215.00,HKTVmall  - HKTVmall
愛爾蘭 Illuma 未來版啟賦HMO嬰幼兒配方奶粉 1段 850g 淺藍,HK$462.00,天貓香港 Tmall HK
ILLUMA HMO幼兒成長配方奶粉3,HK$465.00,aeoncity.com.hk
Illuma-親和人體A2 β-酪蛋白配方 初生嬰兒配方奶粉 (新款:850g/舊款:900g) (款式隨機發 ...,HK$538.00,HKTVmall  - HKTVmall
ILLUMA ATWO A2 β-酪蛋白3號幼兒成長配方奶粉 850克,HK$465.00,天貓香港 Tmall HK
Illuma Illuma Atwo A2 Β-酪蛋白3號幼兒成長配方奶粉 850克,HK$427.00,PARKnSHOP.com
"Illuma-ILLUMA Organic 2號較大嬰兒有機配方奶粉 850克""ILLUMA親和人體有機配方 啟迪原美天賦",HK$559.00,HKTVmall  - HKTVmall
[新版]惠氏Illuma 啟賦 1段 0-6個月 850g(new packing) 4階段,HK$285.00,泰好批—網絡批發直銷
惠氏Illuma 啟賦 4段 3歲以上 850g.,HK$305.00,泰好批 - 網路批發直銷
Illuma Luxa Hmo 1號初生嬰兒配方奶粉 (6種hmo) 850克買滿$399免運費,HK$432.00,Watsons Hong Kong
原装行貨-惠氏港版ILLUMA LUXA 3號 兒童成長配方奶粉 850g (6罐裝),"HK$1,770.00",Parpee Shop 爬比店
ILLUMA HMO初生嬰兒配方奶粉1,HK$538.00,aeoncity.com.hk
惠氏Illuma 啟賦 2段 6-12個月 850g.,HK$335.00,泰好批 - 網路批發直銷
Illuma-(2021 新包裝) 惠氏 illuma LUXA 啟賦 850g #2號 x 1罐 [香港行貨] (2021 新包 ...,HK$370.00,HKTVmall  - HKTVmall
ILLUMA 有機 嬰兒配方奶粉 900克(0-6個月) 1階段,HK$465.00,泰好批—網絡批發直銷
Illuma 有機幼兒成長配方奶粉 850克買滿$399免運費,HK$439.00,PARKnSHOP.com
Illuma 配方奶粉 - 1號,HK$425.00,Mamy Kingdom
原装行貨-惠氏港版ILLUMA LUXA STAGE 2號 嬰兒配方奶粉 850g (6罐裝),"HK$2,010.00",Parpee Shop 爬比店
Illuma Luxa Hmo 2號較大嬰兒配方奶粉 (6種hmo) 850克買滿$399免運費,HK$399.00,Watsons Hong Kong
原装行貨-惠氏港版ILLUMA 4號 兒童成長配方奶粉 850g (6罐裝),"HK$1,770.00",Parpee Shop 爬比店
ILLUMA 有機 較大嬰兒配方奶粉 900克(6個月至1歲).,HK$458.00,泰好批 - 網路批發直銷
Illuma Illuma有機幼兒成長配方奶粉 900克,HK$449.00,Ztore
ILLUMA 有機較大嬰兒配方奶粉,HK$559.00,aeoncity.com.hk
Illuma-香港行貨 惠氏 Illuma luxa 啟賦#1 850g 香港行貨 惠氏 Illuma啟賦#1 850g,HK$410.00,HKTVmall  - HKTVmall
Illuma 有機 較大嬰兒配方奶粉 850克買滿$399免運費,HK$489.00,PARKnSHOP.com
原装行貨-惠氏港版ILLUMA LUXA 1號 兒童成長配方奶粉 850g (6罐裝),"HK$2,220.00",Parpee Shop 爬比店
ILLUMA HMO學兒成長配方奶粉4,HK$405.00,aeoncity.com.hk
Illuma 未來版啟賦HMO嬰幼兒配方奶粉 2段 850g 淺藍,HK$315.00,天貓香港 Tmall HK
Illuma 低敏 800克買滿$399免運費,HK$518.00,Watsons Hong Kong
ILLUMA 有機初生嬰兒配方奶粉,HK$589.00,aeoncity.com.hk
【香港行貨 】Illuma 1號 有機初生嬰兒配方奶粉 850 g,HK$499.90,Halook 家居個人護理店
ILLUMA 有機配方奶粉1號-初生嬰兒 850G,HK$498.00,LBuy.hk
Illuma 配方奶粉 - 2號,HK$385.00,Mamy Kingdom
愛爾蘭 Illuma 未來版啟賦HMO嬰幼兒配方奶粉 4段 850g 淺藍,HK$315.00,天貓香港 Tmall HK
惠氏 Wyeth - Illuma 有機初生嬰兒配方奶粉850克,HK$525.00,HOME+
Illuma-(最新包裝) Illuma啟賦#4 LUXA 850g [香港行貨] Illuma啟賦#4 850g [香港行貨],HK$340.00,HKTVmall  - HKTVmall
惠氏 ILLUMA LUXA 1號 初生嬰兒配方奶粉 850g (新包裝),HK$432.00,bnybuy.com 生活百貨
Illuma Luxa 2號較大嬰兒配方奶粉350克,HK$129.00,Watsons Hong Kong
Illuma Luxa Hmo 3號幼兒成長配方奶粉(6種hmo) 850克買滿$399免運費,HK$357.00,PARKnSHOP.com
Illuma 配方奶粉 - 4號,HK$340.00,Mamy Kingdom
ILLUMA ILLUMA Stage 3 幼兒成長配方奶粉 (900克),HK$410.00,Ztore
Illuma-惠氏 - (全新裝)ILLUMA HMO #2 號 850g (較大嬰兒配方奶粉)(香港正貨) 惠氏 ...,HK$385.00,HKTVmall  - HKTVmall
Illuma Illuma Atwo A2 Β-酪蛋白1號初生嬰兒配方奶粉 850克買滿$399免運費,HK$538.00,Watsons Hong Kong
Illuma 配方奶粉 - 3號,HK$345.00,Mamy Kingdom
ILLUMA 有機幼兒成長配方奶粉,HK$499.00,aeoncity.com.hk
【香港行貨 】Illuma 2號 有機較大嬰兒配方奶粉 850 g,HK$459.90,Halook 家居個人護理店
惠氏-香港行貨惠氏 Illuma luxa 啟賦#1 850g x 2 香港行貨惠氏 Illuma啟賦#1 850g x 2,HK$800.00,HKTVmall  - HKTVmall
ILLUMA ATWO A2 β-酪蛋白1號初生嬰兒配方奶粉 850克,HK$538.00,天貓香港 Tmall HK
惠氏 Illuma - Illuma Luxa 4號 兒童成長配方奶粉 850G,HK$355.00,Ztore
惠氏 ILLUMA 3號 幼兒成長配方奶粉 850g,HK$365.00,bnybuy.com 生活百貨
ILLUMA HMO較大嬰兒配方奶粉2,HK$518.00,aeoncity.com.hk
【香港行貨 】Illuma 3號 有機幼兒成長配方奶粉 850 g,HK$429.90,Halook 家居個人護理店
Illuma Illuma Atwo A2 Β-酪蛋白2號較大嬰兒配方奶粉 850克,HK$476.00,PARKnSHOP.com
Illuma - LUXA HMO 2號/3號/4號 x 6罐,"HK$2,430.00",天貓香港 Tmall HK
惠氏 ILLUMA 2號 較大嬰兒配方奶粉 850g,HK$395.00,bnybuy.com 生活百貨
Illuma-低敏嬰兒配方奶粉低敏嬰兒配方奶粉,HK$518.00,HKTVmall  - HKTVmall
Illuma-惠氏 ILLUMA 親和人體 (HA低敏配方) (0-12個月) 800克 (到期日:2022年4月後 ...,HK$488.00,HKTVmall  - HKTVmall
Wyeth 惠氏 - Illuma啟賦 2號 較大嬰兒配方奶粉 850g - Lifestyle | nursing-feeding ...,HK$395.00,zalora.com.hk
Illuma-啟賦 LUXA 初生嬰兒配方奶粉 1 階段 850g [新裝] 啟賦 LUXA 初生嬰兒配方奶粉 1 階段 850g [新裝],HK$459.00,HKTVmall  - HKTVmall
"Illuma-ILLUMA Organic 3號幼兒成長有機配方奶粉 850克""ILLUMA親和人體有機配方 啟迪原美天賦",HK$499.00,HKTVmall  - HKTVmall
ILLUMA - ILLUMA有機3號幼兒成長配方奶粉850克 (850G),HK$499.00,天貓香港 Tmall HK
"Illuma-LUXA HMO 2號較大嬰兒配方奶粉 850克 (6種HMO) (新/舊包裝隨機發貨)ILLUMA以嶄新科技還原大自然的親和力量,支持寶寶綻放無窮天賦。",HK$399.00,HKTVmall  - HKTVmall
Illuma-惠氏 ILLUMA LUXA 1號 初生嬰兒配方奶粉 850克 x 2罐 * 新包裝 ...,HK$828.00,HKTVmall  - HKTVmall
Illuma-LUXA 2號 較大嬰兒配方奶粉LUXA 2號 較大嬰兒配方奶粉,HK$215.00,HKTVmall  - HKTVmall
愛爾蘭 Illuma 未來版啟賦HMO嬰幼兒配方奶粉 1段 850g 淺藍,HK$462.00,天貓香港 Tmall HK
ILLUMA HMO幼兒成長配方奶粉3,HK$465.00,aeoncity.com.hk
Illuma-親和人體A2 β-酪蛋白配方 初生嬰兒配方奶粉 (新款:850g/舊款:900g) (款式隨機發 ...,HK$538.00,HKTVmall  - HKTVmall
ILLUMA ATWO A2 β-酪蛋白3號幼兒成長配方奶粉 850克,HK$465.00,天貓香港 Tmall HK
Illuma Illuma Atwo A2 Β-酪蛋白3號幼兒成長配方奶粉 850克,HK$427.00,PARKnSHOP.com
"Illuma-ILLUMA Organic 2號較大嬰兒有機配方奶粉 850克""ILLUMA親和人體有機配方 啟迪原美天賦",HK$559.00,HKTVmall  - HKTVmall
