Title,Price,Merchant,Series,Can,Stage,Parallel Import,Parellel Import,Unit Price,Merchant Type
[新版]惠氏illuma 啟賦 1段 0-6個月 850g(new packing) 4階段,285.0,Thai Ho Pai,Luxa,1,1,not stated,,285.0,Others
惠氏illuma 啟賦 4段 3歲以上 850g.,305.0,Thai Ho Pai,Luxa,1,4,not stated,,305.0,Others
illuma luxa hmo 1號初生嬰兒配方奶粉 (6種hmo) 850克買滿$399免運費,432.0,Watsons Hong Kong,Luxa,1,1,False,,432.0,Chain
原装行貨-惠氏港版illuma luxa 3號 兒童成長配方奶粉 850g (6罐裝),1770.0,Parpee Shop,Luxa,6,3,not stated,,295.0,Others
illuma hmo初生嬰兒配方奶粉1,538.0,aeoncity.com.hk,Luxa,1,1,False,,538.0,Chain
惠氏illuma 啟賦 2段 6-12個月 850g.,335.0,Thai Ho Pai,Luxa,1,2,not stated,,335.0,Others
illuma-(2021 新包裝) 惠氏 illuma luxa 啟賦 850g #2號 x 1罐 [香港行貨] (2021 新包 ...,370.0,HKTVmall,Luxa,1,2,False,,370.0,Others
illuma 有機 嬰兒配方奶粉 900克(0-6個月) 1階段,465.0,Thai Ho Pai,Organic,1,1,not stated,,465.0,Others
illuma 有機幼兒成長配方奶粉 850克買滿$399免運費,439.0,PARKnSHOP.com,Organic,1,1,False,,439.0,Chain
illuma 配方奶粉 - 1號,425.0,Mamy Kingdom,Luxa,1,1,not stated,,425.0,Others
原装行貨-惠氏港版illuma luxa stage 2號 嬰兒配方奶粉 850g (6罐裝),2010.0,Parpee Shop,Luxa,6,2,not stated,,335.0,Others
illuma luxa hmo 2號較大嬰兒配方奶粉 (6種hmo) 850克買滿$399免運費,399.0,Watsons Hong Kong,Luxa,1,2,False,,399.0,Chain
原装行貨-惠氏港版illuma 4號 兒童成長配方奶粉 850g (6罐裝),1770.0,Parpee Shop,Luxa,6,4,not stated,,295.0,Others
illuma 有機 較大嬰兒配方奶粉 900克(6個月至1歲).,458.0,Thai Ho Pai,Organic,1,2,not stated,,458.0,Others
illuma illuma有機幼兒成長配方奶粉 900克,449.0,Ztore,Organic,1,1,not stated,,449.0,Others
illuma 有機較大嬰兒配方奶粉,559.0,aeoncity.com.hk,Organic,1,2,False,,559.0,Chain
illuma-香港行貨 惠氏 illuma luxa 啟賦#1 850g 香港行貨 惠氏 illuma啟賦#1 850g,410.0,HKTVmall,Luxa,1,1,False,,410.0,Others
illuma 有機 較大嬰兒配方奶粉 850克買滿$399免運費,489.0,PARKnSHOP.com,Organic,1,2,False,,489.0,Chain
原装行貨-惠氏港版illuma luxa 1號 兒童成長配方奶粉 850g (6罐裝),2220.0,Parpee Shop,Luxa,6,1,not stated,,370.0,Others
illuma hmo學兒成長配方奶粉4,405.0,aeoncity.com.hk,Luxa,1,4,False,,405.0,Chain
illuma 未來版啟賦hmo嬰幼兒配方奶粉 2段 850g 淺藍,315.0,Tmall HK,Luxa,1,2,not stated,,315.0,Others
illuma 低敏 800克買滿$399免運費,518.0,Watsons Hong Kong,HA,1,1,False,,518.0,Chain
illuma 有機初生嬰兒配方奶粉,589.0,aeoncity.com.hk,Organic,1,1,False,,589.0,Chain
【香港行貨 】illuma 1號 有機初生嬰兒配方奶粉 850 g,499.9,Halook,Organic,1,1,False,,499.9,Others
illuma 有機配方奶粉1號-初生嬰兒 850g,498.0,LBuy.hk,Organic,1,1,not stated,,498.0,Others
illuma 配方奶粉 - 2號,385.0,Mamy Kingdom,Luxa,1,2,not stated,,385.0,Others
愛爾蘭 illuma 未來版啟賦hmo嬰幼兒配方奶粉 4段 850g 淺藍,315.0,Tmall HK,Luxa,1,4,not stated,,315.0,Others
illuma-(最新包裝) illuma啟賦#4 luxa 850g [香港行貨] illuma啟賦#4 850g [香港行貨],340.0,HKTVmall,Luxa,1,4,False,,340.0,Others
惠氏 illuma luxa 1號 初生嬰兒配方奶粉 850g (新包裝),432.0,bnybuy.com,Luxa,1,1,not stated,,432.0,Others
illuma luxa hmo 3號幼兒成長配方奶粉(6種hmo) 850克買滿$399免運費,357.0,PARKnSHOP.com,Luxa,1,3,False,,357.0,Chain
illuma 配方奶粉 - 4號,340.0,Mamy Kingdom,Luxa,1,4,not stated,,340.0,Others
illuma illuma stage 3 幼兒成長配方奶粉 (900克),410.0,Ztore,Luxa,1,3,not stated,,410.0,Others
illuma-惠氏 - (全新裝)illuma hmo #2 號 850g (較大嬰兒配方奶粉)(香港正貨) 惠氏 ...,385.0,HKTVmall,Luxa,1,2,not stated,,385.0,Others
illuma illuma atwo a2 β-酪蛋白1號初生嬰兒配方奶粉 850克買滿$399免運費,538.0,Watsons Hong Kong,Atwo,1,1,False,,538.0,Chain
illuma 配方奶粉 - 3號,345.0,Mamy Kingdom,Luxa,1,3,not stated,,345.0,Others
illuma 有機幼兒成長配方奶粉,499.0,aeoncity.com.hk,Organic,1,1,False,,499.0,Chain
【香港行貨 】illuma 2號 有機較大嬰兒配方奶粉 850 g,459.9,Halook,Organic,1,2,False,,459.9,Others
惠氏-香港行貨惠氏 illuma luxa 啟賦#1 850g x 2 香港行貨惠氏 illuma啟賦#1 850g x 2,800.0,HKTVmall,Luxa,2,1,False,,400.0,Others
illuma atwo a2 β-酪蛋白1號初生嬰兒配方奶粉 850克,538.0,Tmall HK,Atwo,1,1,not stated,,538.0,Others
惠氏 illuma - illuma luxa 4號 兒童成長配方奶粉 850g,355.0,Ztore,Luxa,1,4,not stated,,355.0,Others
惠氏 illuma 3號 幼兒成長配方奶粉 850g,365.0,bnybuy.com,Luxa,1,3,not stated,,365.0,Others
illuma hmo較大嬰兒配方奶粉2,518.0,aeoncity.com.hk,Luxa,1,2,False,,518.0,Chain
【香港行貨 】illuma 3號 有機幼兒成長配方奶粉 850 g,429.9,Halook,Organic,1,3,False,,429.9,Others
illuma illuma atwo a2 β-酪蛋白2號較大嬰兒配方奶粉 850克,476.0,PARKnSHOP.com,Atwo,1,2,False,,476.0,Chain
illuma - luxa hmo 2號/3號/4號 x 6罐,2430.0,Tmall HK,Luxa,6,2,not stated,,405.0,Others
惠氏 illuma 2號 較大嬰兒配方奶粉 850g,395.0,bnybuy.com,Luxa,1,2,not stated,,395.0,Others
illuma-低敏嬰兒配方奶粉低敏嬰兒配方奶粉,518.0,HKTVmall,HA,1,1,not stated,,518.0,Others
illuma-惠氏 illuma 親和人體 (ha低敏配方) (0-12個月) 800克 (到期日:2022年4月後 ...,488.0,HKTVmall,HA,1,1,not stated,,488.0,Others
wyeth 惠氏 - illuma啟賦 2號 較大嬰兒配方奶粉 850g - lifestyle | nursing-feeding ...,395.0,zalora.com.hk,Luxa,1,2,not stated,,395.0,Others
illuma-啟賦 luxa 初生嬰兒配方奶粉 1 階段 850g [新裝] 啟賦 luxa 初生嬰兒配方奶粉 1 階段 850g [新裝],459.0,HKTVmall,Luxa,1,1,not stated,,459.0,Others
"illuma-illuma organic 3號幼兒成長有機配方奶粉 850克""illuma親和人體有機配方 啟迪原美天賦",499.0,HKTVmall,Organic,1,3,not stated,,499.0,Others
illuma - illuma有機3號幼兒成長配方奶粉850克 (850g),499.0,Tmall HK,Organic,1,3,not stated,,499.0,Others
"illuma-luxa hmo 2號較大嬰兒配方奶粉 850克 (6種hmo) (新/舊包裝隨機發貨)illuma以嶄新科技還原大自然的親和力量,支持寶寶綻放無窮天賦。",399.0,HKTVmall,Luxa,1,2,not stated,,399.0,Others
illuma-惠氏 illuma luxa 1號 初生嬰兒配方奶粉 850克 x 2罐 * 新包裝 ...,828.0,HKTVmall,Luxa,2,1,not stated,,414.0,Others
愛爾蘭 illuma 未來版啟賦hmo嬰幼兒配方奶粉 1段 850g 淺藍,462.0,Tmall HK,Luxa,1,1,not stated,,462.0,Others
illuma hmo幼兒成長配方奶粉3,465.0,aeoncity.com.hk,Luxa,1,3,False,,465.0,Chain
illuma-親和人體a2 β-酪蛋白配方 初生嬰兒配方奶粉 (新款:850g/舊款:900g) (款式隨機發 ...,538.0,HKTVmall,Atwo,1,1,not stated,,538.0,Others
illuma atwo a2 β-酪蛋白3號幼兒成長配方奶粉 850克,465.0,Tmall HK,Atwo,1,3,not stated,,465.0,Others
illuma illuma atwo a2 β-酪蛋白3號幼兒成長配方奶粉 850克,427.0,PARKnSHOP.com,Atwo,1,3,False,,427.0,Chain
"illuma-illuma organic 2號較大嬰兒有機配方奶粉 850克""illuma親和人體有機配方 啟迪原美天賦",559.0,HKTVmall,Organic,1,2,not stated,,559.0,Others
[新版]惠氏illuma 啟賦 1段 0-6個月 850g(new packing) 4階段,285.0,Thai Ho Pai,Luxa,1,4,not stated,,285.0,Others
惠氏 wyeth - illuma 有機初生嬰兒配方奶粉850克,525.0,HOME+,Organic,1,1,not stated,,525.0,Others
illuma ha 800g,518.0,Mannings,HA,1,1,False,,518.0,Chain
illuma organic stage 1 850g,525.0,Mannings,Organic,1,1,False,,525.0,Chain
illuma atwo stage 2 follow-on formula 850g,518.0,Mannings,Atwo,1,2,False,,518.0,Chain
illuma atwo stage 4 growing-up formula 850g,405.0,Mannings,Atwo,1,4,False,,405.0,Chain
illuma atwo stage 3 growing-up formula 850g,465.0,Mannings,Atwo,1,3,False,,465.0,Chain
illuma atwo stage 1 infant formula 850g,538.0,Mannings,Atwo,1,1,False,,538.0,Chain
illuma organic stage 2 850g,500.0,Mannings,Organic,1,2,False,,500.0,Chain
illuma organic stage 3 850g,449.0,Mannings,Organic,1,3,False,,449.0,Chain
illuma luxa stage 4 growing-up formula 850g,353.0,Mannings,Luxa,1,4,False,,353.0,Chain
illuma luxa stage 1 infant formula 850g,432.0,Mannings,Luxa,1,1,False,,432.0,Chain
illuma luxa stage 3 growing-up formula 850g,358.0,Mannings,Luxa,1,3,False,,358.0,Chain
illuma luxa stage 2 follow-on formula 850g,399.0,Mannings,Luxa,1,2,False,,399.0,Chain
wyeth 惠氏 - illuma organic stage 1 初生嬰兒配方奶粉 850g (6罐),3534.0,Sogo,Organic,6,1,,False,589.0,Chain
wyeth 惠氏 - illuma atwo stage 4 學兒成長配方奶粉 850g (6罐),2308.5,Sogo,Atwo,6,4,,False,384.75,Chain
wyeth 惠氏 - illuma atwo stage 3 幼兒成長配方奶粉 850g (6罐),2650.5,Sogo,Atwo,6,3,,False,441.75,Chain
wyeth 惠氏 - illuma atwo stage 2 較大嬰兒配方奶粉 850g (6罐),2952.6,Sogo,Atwo,6,2,,False,492.09999999999997,Chain
wyeth 惠氏 - illuma atwo stage 1 初生嬰兒配方奶粉 850g (6罐),3228.0,Sogo,Atwo,6,1,,False,538.0,Chain
wyeth 惠氏 - illuma luxa stage 1 初生嬰兒配方奶粉 850g (6罐),3228.0,Sogo,Luxa,6,1,,False,538.0,Chain
wyeth 惠氏 - illuma luxa stage 4 學兒成長配方奶粉 850g (6罐),2308.5,Sogo,Luxa,6,4,,False,384.75,Chain
wyeth 惠氏 - illuma luxa stage 3 幼兒成長配方奶粉 850g (6罐),2650.5,Sogo,Luxa,6,3,,False,441.75,Chain
wyeth 惠氏 - illuma luxa stage 2 較大嬰兒配方奶粉 850g (6罐),2952.6,Sogo,Luxa,6,2,,False,492.09999999999997,Chain
wyeth 惠氏 - illuma organic stage 3 幼兒成長配方奶粉 850g (6罐),2844.3,Sogo,Organic,6,3,,False,474.05,Chain
wyeth 惠氏 - illuma organic stage 2 較大嬰兒配方奶粉 850g (6罐),3186.3,Sogo,Organic,6,2,,False,531.0500000000001,Chain
